City_ID,City,Country,Date,Lat,Lng,Max Temp,Humidity,Cloudiness,Wind Speed
0,The Valley,AI,2021-10-23 00:58:54,18.217,-63.0578,301.54,68,5,9.69
1,Alice Springs,AU,2021-10-23 00:58:54,-23.7,133.8833,298.9,27,0,7.2
2,Atuona,PF,2021-10-23 00:58:55,-9.8,-139.0333,298.65,79,23,7.46
3,Saint-Philippe,RE,2021-10-23 00:58:55,-21.3585,55.7679,295.9,81,33,3.57
4,Mataura,NZ,2021-10-23 00:58:55,-46.1927,168.8643,295.2,40,99,0.42
5,Visnes,NO,2021-10-23 00:58:56,59.3556,5.2242,281.25,71,40,9.26
6,Ushuaia,AR,2021-10-23 00:58:56,-54.8,-68.3,278.96,70,20,3.6
7,Lorengau,PG,2021-10-23 00:58:56,-2.0226,147.2712,302.86,67,58,3.66
8,Quatre Cocos,MU,2021-10-23 00:58:57,-20.2078,57.7625,295.42,85,38,6.3
9,Klyuchi,RU,2021-10-23 00:58:57,52.2667,79.1667,276.79,55,89,8.57
10,Haines Junction,CA,2021-10-23 00:58:58,60.7522,-137.5108,277.12,81,100,0.51
11,Hofn,IS,2021-10-23 00:58:58,64.2539,-15.2082,281.29,98,100,6.7
12,Hobart,AU,2021-10-23 00:54:20,-42.8794,147.3294,286.49,93,75,5.14
13,Khatanga,RU,2021-10-23 00:58:59,71.9667,102.5,255.53,96,96,4.42
14,Busselton,AU,2021-10-23 00:58:59,-33.65,115.3333,289.84,59,0,2.19
15,Dikson,RU,2021-10-23 00:58:59,73.5069,80.5464,263.02,87,100,7.41
16,Mumford,GH,2021-10-23 00:59:00,5.2618,-0.759,298.34,88,82,3.58
17,Honiara,SB,2021-10-23 00:59:00,-9.4333,159.95,304.48,58,2,3.48
18,Bluff,NZ,2021-10-23 00:59:00,-46.6,168.3333,287.09,65,99,4.26
19,Rikitea,PF,2021-10-23 00:59:01,-23.1203,-134.9692,296.54,82,11,9.29
20,Le Moule,GP,2021-10-23 00:59:01,16.3332,-61.3473,299.92,100,1,1.79
21,Georgetown,MY,2021-10-23 00:59:01,5.4112,100.3354,300.87,88,20,1.34
22,Plettenberg Bay,ZA,2021-10-23 00:59:02,-34.0527,23.3716,289.2,67,100,2.81
23,Saskylakh,RU,2021-10-23 00:59:02,71.9167,114.0833,248.33,100,87,1.24
24,Bredasdorp,ZA,2021-10-23 00:59:02,-34.5322,20.0403,286.77,82,100,7.2
25,Jamestown,US,2021-10-23 00:56:48,42.097,-79.2353,281.09,82,100,0.6
26,Port Hawkesbury,CA,2021-10-23 00:59:03,45.6169,-61.3485,292.36,91,90,1.79
27,Atar,MR,2021-10-23 00:59:03,20.5169,-13.0499,298.24,21,100,2.56
28,Kozhva,RU,2021-10-23 00:59:04,65.1073,57.0459,274.98,98,100,4.64
29,Stokmarknes,NO,2021-10-23 00:59:04,68.5646,14.9108,274.54,50,100,0.65
30,Punta Arenas,CL,2021-10-23 00:59:04,-53.15,-70.9167,277.21,81,20,11.83
31,Lagoa,PT,2021-10-23 00:59:05,39.05,-27.9833,293.29,85,55,6.13
32,Esperance,AU,2021-10-23 00:59:05,-33.8667,121.9,289.06,57,6,3.18
33,Hilo,US,2021-10-23 00:59:05,19.7297,-155.09,300.0,75,90,5.14
34,Lavrentiya,RU,2021-10-23 00:59:06,65.5833,-171.0,268.86,82,100,5.79
35,Xining,CN,2021-10-23 00:59:06,36.6167,101.7667,278.7,72,40,0.78
36,Cape Town,ZA,2021-10-23 00:57:44,-33.9258,18.4232,287.64,86,75,2.68
37,Coolum Beach,AU,2021-10-23 00:59:07,-26.5333,153.1,301.12,82,30,3.98
38,Kapaa,US,2021-10-23 00:59:07,22.0752,-159.319,301.14,79,14,1.79
39,Shanghai,CN,2021-10-23 00:59:07,31.2222,121.4581,293.67,54,0,3.0
40,Talnakh,RU,2021-10-23 00:59:08,69.4865,88.3972,269.43,97,100,3.5
41,Barrow,US,2021-10-23 00:59:08,71.2906,-156.7887,272.16,86,90,4.12
42,Cayambe,EC,2021-10-23 00:59:09,0.05,-78.1333,283.74,94,97,0.65
43,Kodiak,US,2021-10-23 00:59:09,57.79,-152.4072,278.45,75,100,5.42
44,Labuhan,ID,2021-10-23 00:59:09,-6.8844,112.2051,302.37,65,74,1.95
45,Jesus Carranza,MX,2021-10-23 00:59:10,17.4333,-95.0333,295.81,97,100,1.48
46,Tucumcari,US,2021-10-23 00:59:10,35.1717,-103.725,294.23,17,39,4.05
47,Clyde River,CA,2021-10-23 00:59:10,70.4692,-68.5914,267.04,75,100,2.78
48,Hithadhoo,MV,2021-10-23 00:59:11,-0.6,73.0833,300.94,73,100,5.15
49,Richards Bay,ZA,2021-10-23 00:59:11,-28.783,32.0377,292.74,88,5,1.72
50,Ribeira Grande,PT,2021-10-23 00:59:11,38.5167,-28.7,293.98,84,10,4.34
51,Saldanha,ZA,2021-10-23 00:59:12,-33.0117,17.9442,286.18,88,100,10.2
52,Ilulissat,GL,2021-10-23 00:59:12,69.2167,-51.1,257.45,74,97,3.64
53,Puerto Ayora,EC,2021-10-23 00:59:12,-0.7393,-90.3518,294.23,86,24,3.71
54,Castro,BR,2021-10-23 00:59:13,-24.7911,-50.0119,286.59,79,0,1.66
55,Sahuaripa,MX,2021-10-23 00:59:13,29.05,-109.2333,299.24,25,40,2.54
56,Westport,US,2021-10-23 00:59:14,41.1415,-73.3579,290.9,79,96,2.24
57,Arraial Do Cabo,BR,2021-10-23 00:59:14,-22.9661,-42.0278,294.13,88,40,3.09
58,Marsa Matruh,EG,2021-10-23 00:59:15,31.3525,27.2453,291.26,63,40,1.54
59,Luderitz,NA,2021-10-23 00:59:15,-26.6481,15.1594,285.97,87,0,3.37
60,Tuktoyaktuk,CA,2021-10-23 00:59:15,69.4541,-133.0374,274.15,93,75,5.66
61,Cidreira,BR,2021-10-23 00:59:16,-30.1811,-50.2056,291.72,87,1,4.36
62,Port Elizabeth,ZA,2021-10-23 00:59:16,-33.918,25.5701,289.31,67,0,1.54
63,Kudahuvadhoo,MV,2021-10-23 00:59:16,2.6708,72.8944,301.04,70,16,5.25
64,Tasiilaq,GL,2021-10-23 00:59:17,65.6145,-37.6368,270.93,91,100,4.39
65,Pangody,RU,2021-10-23 00:59:17,65.85,74.4859,270.75,91,99,4.43
66,Berlevag,NO,2021-10-23 00:59:18,70.8578,29.0864,274.16,63,100,8.21
67,Tianmen,CN,2021-10-23 00:59:18,30.6516,113.1603,287.15,57,3,2.11
68,Hermanus,ZA,2021-10-23 00:59:18,-34.4187,19.2345,286.37,87,100,12.07
69,Nikolskoye,RU,2021-10-23 00:59:19,59.7035,30.7861,280.3,74,100,5.74
70,Moron,AR,2021-10-23 00:59:19,-34.6534,-58.6198,288.69,91,100,3.13
71,Karratha,AU,2021-10-23 00:59:19,-20.7377,116.8463,306.44,19,14,8.71
72,Korla,CN,2021-10-23 00:59:20,41.7597,86.1469,285.73,27,100,4.14
73,Poum,NC,2021-10-23 00:59:20,-20.2333,164.0167,297.08,75,0,6.08
74,Bachaquero,VE,2021-10-23 00:59:20,9.9694,-71.1494,300.3,78,19,2.83
75,Port Alfred,ZA,2021-10-23 00:59:21,-33.5906,26.891,289.49,85,2,4.42
76,Port Macquarie,AU,2021-10-23 00:59:21,-31.4333,152.9167,301.42,62,0,4.83
77,Luganville,VU,2021-10-23 00:59:21,-15.5333,167.1667,301.36,74,78,2.54
78,Kaeo,NZ,2021-10-23 00:59:22,-35.1,173.7833,288.33,97,100,8.33
79,Bethel,US,2021-10-23 00:59:22,41.3712,-73.414,289.39,75,100,2.58
80,Upernavik,GL,2021-10-23 00:59:22,72.7868,-56.1549,267.14,77,100,2.59
81,Ponta Do Sol,PT,2021-10-23 00:59:23,32.6667,-17.1,293.5,68,49,3.46
82,Klaksvik,FO,2021-10-23 00:59:23,62.2266,-6.589,280.66,75,100,11.05
83,Lebu,CL,2021-10-23 00:59:24,-37.6167,-73.65,283.53,65,61,7.77
84,Natal,BR,2021-10-23 00:59:24,-5.795,-35.2094,300.51,83,40,4.12
85,Kavieng,PG,2021-10-23 00:59:24,-2.5744,150.7967,302.48,67,11,6.24
86,Butaritari,KI,2021-10-23 00:59:25,3.0707,172.7902,301.0,78,71,8.28
87,Qui Nhon,VN,2021-10-23 00:59:25,13.7667,109.2333,298.37,92,100,3.48
88,Saint-Augustin,CA,2021-10-23 00:59:26,51.226,-58.6502,279.54,68,100,3.47
89,Byron Bay,AU,2021-10-23 00:59:26,-28.65,153.6167,302.62,63,0,5.13
90,Mount Gambier,AU,2021-10-23 00:59:26,-37.8333,140.7667,287.1,72,40,3.6
91,Havre-Saint-Pierre,CA,2021-10-23 00:59:27,50.2334,-63.5986,283.48,93,90,6.17
92,Mar Del Plata,AR,2021-10-23 00:59:27,-38.0023,-57.5575,286.53,86,90,0.45
93,Airai,TL,2021-10-23 00:55:00,-8.9266,125.4092,298.33,43,62,0.7
94,Volksrust,ZA,2021-10-23 00:57:24,-27.3654,29.8818,283.88,44,0,2.05
95,Abbeville,FR,2021-10-23 00:59:28,50.1,1.8333,283.13,77,100,1.51
96,Hualmay,PE,2021-10-23 00:59:28,-11.0964,-77.6139,290.38,83,37,4.72
97,Saint George,US,2021-10-23 00:59:28,37.1041,-113.5841,297.41,17,75,1.33
98,Tabou,CI,2021-10-23 00:59:29,4.423,-7.3528,297.83,90,57,2.92
99,Imbituba,BR,2021-10-23 00:56:46,-28.24,-48.6703,294.16,92,3,4.93
100,Hailey,US,2021-10-23 00:59:19,43.5196,-114.3153,281.43,58,100,4.57
101,Mahebourg,MU,2021-10-23 00:59:29,-20.4081,57.7,295.51,100,75,1.54
102,Pisco,PE,2021-10-23 00:56:56,-13.7,-76.2167,289.27,82,0,8.23
103,Avera,US,2021-10-23 00:56:07,33.194,-82.5271,292.43,55,92,3.19
104,Bengkulu,ID,2021-10-23 00:59:30,-3.8004,102.2655,299.27,80,89,0.68
105,Sakakah,SA,2021-10-23 00:59:31,29.9697,40.2064,293.91,35,0,3.49
106,Geraldton,AU,2021-10-23 00:59:31,-28.7667,114.6,293.38,52,0,4.12
107,Bambous Virieux,MU,2021-10-23 00:59:31,-20.3428,57.7575,295.49,100,75,1.54
108,Athabasca,CA,2021-10-23 00:59:32,54.7169,-113.2854,281.61,46,100,6.37
109,Tiksi,RU,2021-10-23 00:59:32,71.6872,128.8694,257.37,99,100,1.02
110,Victoria,HK,2021-10-23 00:58:22,22.2855,114.1577,293.84,77,88,0.45
111,Albany,US,2021-10-23 00:58:48,42.6001,-73.9662,282.46,77,8,2.48
112,San Carlos De Bariloche,AR,2021-10-23 00:59:03,-41.1456,-71.3082,281.01,57,40,10.29
113,Belyy Yar,RU,2021-10-23 00:59:33,53.6039,91.3903,276.09,75,0,5.0
114,Mampong,GH,2021-10-23 00:59:33,7.0627,-1.4001,294.26,98,84,2.32
115,Umiray,PH,2021-10-23 00:59:33,15.2206,121.4111,301.03,79,100,6.4
116,Zambezi,ZM,2021-10-23 00:59:34,-13.5432,23.1047,293.18,82,65,1.87
117,Kolpashevo,RU,2021-10-23 00:59:34,58.3131,82.9089,274.35,87,100,7.28
118,Tiznit,MA,2021-10-23 00:59:34,29.5833,-9.5,289.56,72,0,0.64
119,Hasaki,JP,2021-10-23 00:59:35,35.7333,140.8333,289.42,57,1,7.0
120,Narsaq,GL,2021-10-23 00:59:35,60.9167,-46.05,275.88,99,100,1.76
121,New Norfolk,AU,2021-10-23 00:59:36,-42.7826,147.0587,286.29,84,100,0.36
122,Terrak,NO,2021-10-23 00:59:36,65.087,12.3715,276.08,82,100,1.57
123,Acarau,BR,2021-10-23 00:59:36,-2.8856,-40.12,299.8,80,79,5.39
124,Zaqatala,AZ,2021-10-23 00:59:37,41.6336,46.6433,279.41,87,0,2.06
125,Tura,IN,2021-10-23 00:59:37,25.5198,90.2201,292.06,80,0,1.58
126,Melton Mowbray,GB,2021-10-23 00:59:37,52.7659,-0.8869,282.18,91,15,2.35
127,Fairbanks,US,2021-10-23 00:56:43,64.8378,-147.7164,280.15,61,20,0.0
128,Portland,US,2021-10-23 00:55:04,45.5234,-122.6762,287.12,90,90,0.45
129,Woodward,US,2021-10-23 00:59:38,36.4337,-99.3904,294.66,70,1,3.09
130,Ambon,ID,2021-10-23 00:59:38,-3.6954,128.1814,303.23,74,40,1.54
131,Wijnegem,BE,2021-10-23 00:59:39,51.2287,4.5161,283.13,93,0,1.34
132,Kautokeino,NO,2021-10-23 00:59:39,69.0125,23.0412,262.27,91,100,1.39
133,Thompson,CA,2021-10-23 00:59:39,55.7435,-97.8558,274.24,80,90,3.09
134,Uyemskiy,RU,2021-10-23 00:59:40,64.4743,40.8524,272.18,93,90,5.0
135,Iquitos,PE,2021-10-23 00:59:40,-3.7481,-73.2472,299.17,89,75,0.51
136,Nanortalik,GL,2021-10-23 00:59:40,60.1432,-45.2371,277.04,97,100,4.42
137,Faanui,PF,2021-10-23 00:59:41,-16.4833,-151.75,298.92,84,65,9.96
138,Qaanaaq,GL,2021-10-23 00:59:41,77.484,-69.3632,255.03,64,0,3.71
139,Hattiesburg,US,2021-10-23 00:59:15,31.3271,-89.2903,291.78,99,0,1.66
140,Vila Franca Do Campo,PT,2021-10-23 00:59:42,37.7167,-25.4333,294.38,84,93,2.82
141,Les Escoumins,CA,2021-10-23 00:59:42,48.1111,-69.0236,278.79,91,100,4.14
142,Avarua,CK,2021-10-23 00:57:00,-21.2078,-159.775,296.18,64,100,2.57
143,Chuy,UY,2021-10-23 00:59:43,-33.6971,-53.4616,287.03,74,100,2.65
144,Sorland,NO,2021-10-23 00:59:43,67.667,12.6934,278.04,51,100,1.13
145,Provideniya,RU,2021-10-23 00:59:43,64.3833,-173.3,270.8,75,100,3.64
146,Udachnyy,RU,2021-10-23 00:59:44,66.4167,112.4,261.7,97,99,1.27
147,Northam,GB,2021-10-23 00:59:44,51.0333,-4.2167,284.31,83,100,3.5
148,Katherine,AU,2021-10-23 00:59:44,-14.4667,132.2667,306.33,52,40,3.09
149,Skagen,DK,2021-10-23 00:59:45,57.7209,10.5839,284.31,54,0,10.67
150,Vaini,TO,2021-10-23 00:59:45,-21.2,-175.2,299.24,78,40,5.66
151,Bhatkal,IN,2021-10-23 00:59:45,13.9667,74.5667,299.05,85,100,0.9
152,Paamiut,GL,2021-10-23 00:59:46,61.994,-49.6678,274.93,73,7,8.11
153,Tocopilla,CL,2021-10-23 00:59:46,-22.092,-70.1979,289.32,67,35,2.53
154,Maltahohe,NA,2021-10-23 00:59:46,-24.8333,16.9833,283.9,43,0,4.73
155,Norman Wells,CA,2021-10-23 00:59:47,65.282,-126.8329,280.17,65,75,8.23
156,Strezhevoy,RU,2021-10-23 00:59:47,60.7333,77.5889,274.14,96,100,6.05
157,Talara,PE,2021-10-23 00:59:47,-4.5772,-81.2719,292.01,90,100,5.76
158,Ostrovnoy,RU,2021-10-23 00:59:48,68.0531,39.5131,274.41,65,100,10.17
159,Panuco,MX,2021-10-23 00:59:48,22.05,-98.1667,300.95,87,100,2.85
160,Polunochnoye,RU,2021-10-23 00:59:49,60.8697,60.4153,278.46,81,32,4.45
161,Okhotsk,RU,2021-10-23 00:59:49,59.3833,143.3,267.5,74,31,6.28
162,Vardo,NO,2021-10-23 00:59:49,70.3705,31.1107,274.98,59,100,9.25
163,Lakatoro,VU,2021-10-23 00:59:50,-16.0999,167.4164,301.38,74,41,1.63
164,Merritt Island,US,2021-10-23 00:59:50,28.5392,-80.672,299.26,84,1,0.0
165,Sept-Iles,CA,2021-10-23 00:55:08,50.2001,-66.3821,282.44,97,90,1.34
166,Namibe,AO,2021-10-23 00:59:51,-15.1961,12.1522,291.14,71,93,5.16
167,Mayo,US,2021-10-23 00:59:51,38.8876,-76.5119,290.34,85,98,4.1
168,Tezu,IN,2021-10-23 00:59:52,27.9167,96.1667,295.06,75,1,0.58
169,Broome,US,2021-10-23 00:59:52,42.2506,-75.833,281.26,75,100,0.45
170,Chicama,PE,2021-10-23 00:59:53,-7.8447,-79.1469,288.45,84,95,2.63
171,Te Anau,NZ,2021-10-23 00:59:53,-45.4167,167.7167,290.53,50,99,1.05
172,Lapeer,US,2021-10-23 00:59:53,43.0514,-83.3188,280.9,87,1,0.0
173,Pali,IN,2021-10-23 00:59:54,25.7667,73.3333,293.89,64,0,3.46
174,East London,ZA,2021-10-23 00:59:54,-33.0153,27.9116,290.23,82,95,3.5
175,Grand Gaube,MU,2021-10-23 00:59:54,-20.0064,57.6608,295.58,85,80,1.34
176,Vero Beach,US,2021-10-23 00:57:53,27.6386,-80.3973,299.28,85,3,2.27
177,Katsuura,JP,2021-10-23 00:59:55,35.1333,140.3,290.21,59,3,6.09
178,Majalgaon,IN,2021-10-23 00:59:55,19.15,76.2333,292.66,75,16,0.97
179,Camabatela,AO,2021-10-23 00:59:56,-8.1881,15.375,290.27,98,100,1.05
180,Horsham,GB,2021-10-23 00:59:56,51.064,-0.3272,283.44,73,0,1.03
181,Banff,CA,2021-10-23 00:57:01,51.1762,-115.5698,281.72,70,100,3.6
182,Batemans Bay,AU,2021-10-23 00:59:57,-35.7167,150.1833,301.04,41,87,2.69
183,Pitimbu,BR,2021-10-23 00:59:57,-7.4706,-34.8086,299.48,78,16,4.71
184,Sao Filipe,CV,2021-10-23 00:59:57,14.8961,-24.4956,300.21,65,0,2.23
185,Bhikangaon,IN,2021-10-23 00:59:58,21.8667,75.95,293.41,64,0,0.58
186,Imuris,MX,2021-10-23 00:59:58,30.7833,-110.8667,295.51,30,9,2.82
187,Loikaw,MM,2021-10-23 00:59:58,19.6742,97.2094,292.97,96,96,0.61
188,Baykit,RU,2021-10-23 00:59:59,61.67,96.37,274.57,79,100,5.19
189,Los Llanos De Aridane,ES,2021-10-23 00:59:59,28.6585,-17.9182,292.01,78,20,0.45
190,Pimentel,PE,2021-10-23 01:00:00,-6.8367,-79.9342,291.2,87,100,5.66
191,Cherskiy,RU,2021-10-23 01:00:00,68.75,161.3,255.92,96,100,1.5
192,Iqaluit,CA,2021-10-23 01:00:01,63.7506,-68.5145,269.65,86,100,2.68
193,Tuy Hoa,VN,2021-10-23 00:55:18,13.0833,109.3,298.35,91,100,2.76
194,Grand-Santi,GF,2021-10-23 01:00:02,4.25,-54.3833,297.09,92,100,1.34
195,Outlook,CA,2021-10-23 01:00:03,51.5001,-107.0513,278.37,47,9,7.18
196,Houston,US,2021-10-23 00:59:29,29.7633,-95.3633,300.4,77,90,3.13
197,Linares,CL,2021-10-23 01:00:04,-35.85,-71.6,281.61,63,0,1.77
198,Nizhniy Odes,RU,2021-10-23 01:00:05,63.6445,54.856,275.94,85,100,5.4
199,Vilhena,BR,2021-10-23 01:00:07,-12.7406,-60.1458,294.26,95,100,1.46
200,Boende,CD,2021-10-23 01:00:07,-0.2167,20.8667,293.64,95,96,0.72
201,Dicabisagan,PH,2021-10-23 01:00:08,17.0818,122.4157,300.34,81,66,3.08
202,Chokurdakh,RU,2021-10-23 01:00:09,70.6333,147.9167,249.37,99,99,1.32
203,Eureka,US,2021-10-23 00:56:41,40.8021,-124.1637,288.5,74,100,0.45
204,Baie-Comeau,CA,2021-10-23 01:00:10,49.2168,-68.1489,283.2,100,90,3.09
205,Ploemeur,FR,2021-10-23 01:00:11,47.7333,-3.4333,284.72,95,0,2.06
206,Hamilton,US,2021-10-23 00:55:20,39.1834,-84.5333,285.24,96,100,0.89
207,Cuenca,EC,2021-10-23 00:56:47,-2.8833,-78.9833,286.22,100,75,3.6
208,Tabat,ID,2021-10-23 01:00:12,-2.635,115.2274,300.83,80,67,0.39
209,Tarakan,ID,2021-10-23 01:00:12,3.3,117.6333,298.87,89,40,1.54
210,Puerto Narino,CO,2021-10-23 01:00:13,-3.7703,-70.3831,297.45,91,100,0.37
211,Daru,PG,2021-10-23 01:00:14,-9.0763,143.2092,302.5,61,16,5.07
212,Atikokan,CA,2021-10-23 01:00:15,48.7555,-91.6216,274.47,82,100,1.76
213,Komsomolskiy,UZ,2021-10-23 01:00:15,40.4272,71.7189,276.83,70,16,1.03
214,Svetlyy,RU,2021-10-23 01:00:16,54.675,20.1347,278.18,69,25,9.41
215,Yatou,CN,2021-10-23 01:00:16,37.15,122.3833,286.66,52,100,2.32
216,Saint-Pierre,RE,2021-10-23 01:00:16,-21.3393,55.4781,295.95,78,0,3.6
217,Campoverde,PE,2021-10-23 01:00:17,-8.4753,-74.8058,302.24,55,15,1.9
218,Raduzhnyy,RU,2021-10-23 01:00:17,62.0961,77.475,273.36,95,100,5.87
219,Hammerfest,NO,2021-10-23 01:00:17,70.6634,23.6821,272.4,74,100,5.14
220,Chumikan,RU,2021-10-23 01:00:18,54.7183,135.315,278.09,68,81,10.08
221,Pavlohrad,UA,2021-10-23 01:00:18,48.5167,35.8667,282.68,66,34,3.46
222,Vysokopillya,UA,2021-10-23 01:00:19,47.4919,33.5306,284.36,77,98,3.28
223,Isangel,VU,2021-10-23 01:00:19,-19.55,169.2667,299.24,80,41,3.03
224,Malpe,IN,2021-10-23 01:00:19,13.35,74.7167,298.76,90,88,1.29
225,Vitim,RU,2021-10-23 01:00:20,59.4511,112.5578,275.58,76,89,3.99
226,Port Hardy,CA,2021-10-23 01:00:20,50.6996,-127.4199,282.25,87,90,3.09
227,Kholm,RU,2021-10-23 01:00:21,59.2667,32.85,276.98,84,96,5.8
228,Copiapo,CL,2021-10-23 01:00:21,-27.3667,-70.3333,284.98,66,58,1.51
229,High Level,CA,2021-10-23 01:00:21,58.5169,-117.136,279.07,54,100,4.04
230,College,US,2021-10-23 01:00:22,64.8569,-147.8028,275.08,84,100,0.77
231,Halmstad,SE,2021-10-23 01:00:22,56.6745,12.8568,282.77,66,1,7.2
232,Kirakira,SB,2021-10-23 01:00:23,-10.4544,161.9205,303.17,59,6,3.71
233,Souillac,MU,2021-10-23 01:00:23,-20.5167,57.5167,295.57,84,52,5.33
234,Husavik,IS,2021-10-23 01:00:24,66.0449,-17.3389,275.4,94,100,3.75
235,Salinopolis,BR,2021-10-23 01:00:24,-0.6136,-47.3561,299.26,87,100,3.85
236,Anadyr,RU,2021-10-23 01:00:24,64.75,177.4833,262.43,85,75,6.71
237,Bathsheba,BB,2021-10-23 01:00:25,13.2167,-59.5167,300.53,72,100,9.13
238,Bowen,AU,2021-10-23 01:00:25,-20.0167,148.2333,300.68,67,100,4.26
239,Hvide Sande,DK,2021-10-23 01:00:26,56.0045,8.1294,281.48,66,36,14.28
240,Touros,BR,2021-10-23 01:00:26,-5.1989,-35.4608,299.23,80,34,4.66
241,Codrington,AU,2021-10-23 01:00:26,-38.2667,141.9667,286.48,81,35,6.43
242,King City,US,2021-10-23 01:00:27,36.2127,-121.126,291.72,73,100,3.96
243,Ust-Kuyga,RU,2021-10-23 01:00:27,70.0167,135.6,250.5,100,94,1.03
244,Aksarka,RU,2021-10-23 01:00:27,66.5606,67.7975,269.72,97,99,3.02
245,Barsovo,RU,2021-10-23 01:00:28,61.1667,73.1667,274.22,94,100,6.82
246,Brunswick,US,2021-10-23 00:57:39,41.2381,-81.8418,282.67,85,100,0.45
247,Donegal,IE,2021-10-23 01:00:28,54.65,-8.1167,280.79,92,98,3.51
248,Plouzane,FR,2021-10-23 01:00:29,48.3833,-4.6167,279.18,93,0,1.54
249,Cabedelo,BR,2021-10-23 01:00:29,-6.9811,-34.8339,299.25,78,14,5.04
250,Lompoc,US,2021-10-23 01:00:30,34.6391,-120.4579,294.89,86,90,4.12
251,Bubaque,GW,2021-10-23 01:00:30,11.2833,-15.8333,301.56,76,76,5.28
252,Port Shepstone,ZA,2021-10-23 01:00:31,-30.7414,30.455,291.51,85,46,2.69
253,Urucui,BR,2021-10-23 01:00:31,-7.2294,-44.5561,299.15,83,100,1.13
254,Verkhnyaya Inta,RU,2021-10-23 01:00:31,65.9811,60.3094,272.6,95,100,3.65
255,Constitucion,CL,2021-10-23 01:00:32,-35.3333,-72.4167,282.93,85,0,6.01
256,Zyryanka,RU,2021-10-23 01:00:32,65.75,150.85,254.56,81,44,1.01
257,Hays,US,2021-10-23 01:00:32,30.0502,-98.0336,298.07,78,1,2.78
258,Bhag,PK,2021-10-23 01:00:33,29.0415,67.8239,295.54,17,0,5.11
259,Abu Samrah,SY,2021-10-23 01:00:33,35.3029,37.1841,290.57,48,0,0.61
260,Simbakoro,SL,2021-10-23 01:00:34,8.6,-11.0167,294.35,100,100,0.55
261,Rocha,UY,2021-10-23 01:00:34,-34.4833,-54.3333,287.74,84,100,2.0
262,Pevek,RU,2021-10-23 01:00:34,69.7008,170.3133,262.51,90,100,3.02
263,Shangqiu,CN,2021-10-23 01:00:35,34.45,115.65,286.53,50,72,2.24
264,Asau,RO,2021-10-23 01:00:35,46.4333,26.4,285.24,71,100,1.9
265,Porto Novo,BJ,2021-10-23 01:00:35,6.4965,2.6036,298.7,84,100,2.88
266,Hambantota,LK,2021-10-23 01:00:36,6.1241,81.1185,296.34,100,20,1.54
267,Gorom-Gorom,BF,2021-10-23 00:55:54,14.4439,-0.2361,304.67,33,95,0.36
268,Ancud,CL,2021-10-23 01:00:36,-41.8697,-73.8203,282.27,70,93,4.43
269,Suntar,RU,2021-10-23 01:00:36,62.1444,117.6319,275.18,84,25,3.69
270,Longyearbyen,SJ,2021-10-23 01:00:37,78.2186,15.6401,265.06,79,20,0.51
271,Thunder Bay,CA,2021-10-23 01:00:35,48.4001,-89.3168,277.35,72,90,2.86
272,Charters Towers,AU,2021-10-23 01:00:37,-20.1,146.2667,306.32,30,62,4.79
273,Aquiraz,BR,2021-10-23 01:00:38,-3.9014,-38.3911,300.47,83,16,3.86
274,Nome,US,2021-10-23 00:56:31,64.5011,-165.4064,273.51,74,100,4.69
275,Honningsvag,NO,2021-10-23 01:00:38,70.9821,25.9704,275.12,58,100,7.61
276,Shaoyang,CN,2021-10-23 01:00:39,27.2315,111.4525,286.24,73,16,1.3
277,Olinda,BR,2021-10-23 01:00:39,-8.0089,-34.8553,299.15,79,15,4.29
278,Tongchuan,CN,2021-10-23 01:00:39,35.0806,109.0897,282.39,72,100,2.07
279,Minot,US,2021-10-23 00:58:21,48.2325,-101.2963,277.66,49,6,3.54
280,Severo-Kurilsk,RU,2021-10-23 01:00:40,50.6789,156.125,278.63,69,53,4.75
281,Akdagmadeni,TR,2021-10-23 01:00:40,39.6603,35.8836,279.07,44,0,0.9
282,Altus,US,2021-10-23 01:00:37,34.6381,-99.334,299.88,55,1,4.12
283,Padang,ID,2021-10-23 01:00:41,-0.9492,100.3543,297.18,79,93,0.72
284,Nhulunbuy,AU,2021-10-23 01:00:41,-12.2333,136.7667,305.49,58,40,4.63
285,Leningradskiy,RU,2021-10-23 01:00:42,69.3833,178.4167,258.33,85,31,3.66
286,Pa Sang,TH,2021-10-23 01:00:42,18.5262,98.9394,298.72,61,100,0.15
287,Ebolowa,CM,2021-10-23 01:00:42,2.9,11.15,292.99,100,100,0.69
288,Mareeba,AU,2021-10-23 01:00:43,-17.0,145.4333,306.11,31,30,3.55
289,Skala,PL,2021-10-23 01:00:43,50.2305,19.8536,281.51,65,20,7.2
290,Monrovia,LR,2021-10-23 01:00:43,6.3005,-10.7969,298.13,87,100,1.55
291,La Chapelle-Sur-Erdre,FR,2021-10-23 01:00:44,47.2958,-1.5531,278.07,91,4,0.51
292,Ostrozac,BA,2021-10-23 01:00:44,44.9086,15.9403,284.24,94,62,0.43
293,Kropotkin,RU,2021-10-23 01:00:44,45.4375,40.5756,283.6,63,0,2.87
294,Vila Velha,BR,2021-10-23 01:00:45,-20.3297,-40.2925,293.81,83,99,1.13
295,Nueva Loja,EC,2021-10-23 01:00:45,0.0847,-76.8828,296.5,93,100,0.36
296,Pontes E Lacerda,BR,2021-10-23 00:59:28,-15.2261,-59.3353,299.65,74,73,1.84
297,Emerald,AU,2021-10-23 01:00:46,-23.5333,148.1667,308.89,26,2,8.25
298,Lata,PT,2021-10-23 01:00:46,40.1629,-8.3327,288.05,69,0,1.71
299,Eyl,SO,2021-10-23 01:00:47,7.9803,49.8164,297.97,80,9,1.56
300,Kutum,SD,2021-10-23 01:00:47,14.2,24.6667,296.63,29,14,4.82
301,Diu,IN,2021-10-23 01:00:47,20.7141,70.9822,296.27,77,12,3.16
302,Waipawa,NZ,2021-10-23 01:00:48,-41.4122,175.5153,289.78,54,100,5.07
303,Naron,ES,2021-10-23 01:00:49,43.5167,-8.1528,284.28,89,3,2.25
304,Sinnamary,GF,2021-10-23 01:00:49,5.3833,-52.95,298.6,89,82,4.97
305,Chimoio,MZ,2021-10-23 01:00:49,-19.1164,33.4833,291.87,67,100,1.42
306,Neiafu,TO,2021-10-23 01:00:50,-18.65,-173.9833,297.2,65,70,8.01
307,Seabra,BR,2021-10-23 01:00:50,-12.4186,-41.7703,293.51,91,48,1.15
308,Baruun-Urt,MN,2021-10-23 01:00:50,46.6806,113.2792,274.77,46,28,4.52
309,Mauriti,BR,2021-10-23 01:00:51,-7.3892,-38.7744,300.2,58,68,1.44
310,Anaconda,US,2021-10-23 01:00:51,46.1285,-112.9423,285.41,43,100,3.01
311,Mogadishu,SO,2021-10-23 01:00:10,2.0371,45.3438,299.32,82,29,5.11
312,Myaundzha,RU,2021-10-23 01:00:52,63.0494,147.1858,257.85,93,90,0.96
313,Roma,US,2021-10-23 01:00:52,43.2128,-75.4557,278.62,89,1,0.0
314,Torbay,CA,2021-10-23 01:00:13,47.6666,-52.7314,284.58,86,100,0.89
315,Kavaratti,IN,2021-10-23 01:00:52,10.5669,72.642,300.83,76,40,1.69
316,Puqi,CN,2021-10-23 01:00:53,29.7167,113.8833,288.04,61,0,3.31
317,Fortuna,US,2021-10-23 00:59:57,40.5982,-124.1573,287.79,73,40,0.45
318,Marathon,US,2021-10-23 01:00:54,44.9,-89.7668,278.9,81,100,2.52
319,Vilyuysk,RU,2021-10-23 01:00:54,63.7553,121.6247,273.24,90,88,4.47
320,Camacha,PT,2021-10-23 01:00:54,33.0833,-16.3333,291.57,72,40,5.14
321,Marzuq,YE,2021-10-23 01:00:55,14.4,46.4667,294.49,63,7,1.14
322,Araceli,PH,2021-10-23 01:00:55,10.5529,119.9913,301.13,79,33,5.92
323,Jalu,LY,2021-10-23 01:00:55,29.0331,21.5482,293.58,42,12,4.87
324,Jackson,US,2021-10-23 01:00:56,42.4165,-122.8345,286.57,79,98,0.84
325,Portel,BR,2021-10-23 01:00:56,-1.9356,-50.8211,298.08,83,100,0.93
326,Saint-Ambroise,CA,2021-10-23 01:00:57,48.5501,-71.3324,278.47,83,99,3.32
327,Seoul,KR,2021-10-23 00:56:50,37.5683,126.9778,283.91,73,0,0.51
328,Werda,BW,2021-10-23 01:00:57,-25.2667,23.2833,290.78,19,0,1.5
329,Cabo San Lucas,MX,2021-10-23 00:56:38,22.8909,-109.9124,301.77,70,0,3.13
330,Mehamn,NO,2021-10-23 01:00:58,71.0357,27.8492,273.51,66,100,6.86
331,Lakes Entrance,AU,2021-10-23 01:00:58,-37.8811,147.981,291.25,92,97,2.06
332,Mehran,IR,2021-10-23 01:00:58,33.1222,46.1646,294.64,23,0,3.53
333,Coroico,BO,2021-10-23 01:00:59,-16.1889,-67.7271,292.46,79,75,1.37
334,Susanville,US,2021-10-23 01:00:59,40.4163,-120.653,281.94,73,100,3.58
335,San Pedro,PH,2021-10-23 01:01:00,14.35,121.0167,303.76,66,100,4.46
336,Megion,RU,2021-10-23 01:01:00,61.0296,76.1136,274.16,97,100,6.93
337,Nainpur,IN,2021-10-23 01:01:00,22.4333,80.1167,289.97,72,2,0.92
338,Sao Jose Da Coroa Grande,BR,2021-10-23 01:01:01,-8.8978,-35.1478,298.62,84,11,3.49
339,Mwinilunga,ZM,2021-10-23 01:01:01,-11.7358,24.4293,290.17,94,7,1.66
340,Port Augusta,AU,2021-10-23 01:01:02,-32.5,137.7667,292.99,53,54,7.7
341,Otradnoye,RU,2021-10-23 01:01:02,59.7775,30.8181,280.39,73,100,5.84
342,Luanda,AO,2021-10-23 00:57:38,-8.8368,13.2343,297.17,85,95,3.53
343,Dzilam Gonzalez,MX,2021-10-23 01:01:03,21.2833,-88.9333,299.01,84,100,3.5
344,Sabang,ID,2021-10-23 01:01:04,5.8933,95.3214,300.78,72,98,1.28
345,Kaitangata,NZ,2021-10-23 01:01:04,-46.2817,169.8464,288.9,62,100,2.78
346,Flic En Flac,MU,2021-10-23 01:01:04,-20.2742,57.3631,295.66,83,93,5.52
347,Muktsar,IN,2021-10-23 01:01:05,30.4833,74.5167,294.9,47,0,4.44
348,Kruisfontein,ZA,2021-10-23 01:01:05,-34.0033,24.7314,288.19,68,99,3.37
349,Vanimo,PG,2021-10-23 01:01:06,-2.6741,141.3028,302.55,63,100,1.82
350,Yar-Sale,RU,2021-10-23 01:01:06,66.8333,70.8333,270.7,93,94,3.81
351,San Cristobal,VE,2021-10-23 01:01:06,7.7669,-72.225,292.45,94,27,0.87
352,Agadez,NE,2021-10-23 01:01:07,19.75,10.25,299.61,17,0,3.27
353,Yellowknife,CA,2021-10-23 01:01:07,62.456,-114.3525,279.49,70,90,8.49
354,Dana Point,US,2021-10-23 00:59:45,33.467,-117.6981,294.78,82,32,0.89
355,Yulara,AU,2021-10-23 01:01:08,-25.2406,130.9889,298.06,27,0,9.26
356,Novokizhinginsk,RU,2021-10-23 01:01:08,51.6115,109.5917,275.5,52,0,1.29
357,Ambilobe,MG,2021-10-23 01:01:09,-13.2,49.05,295.4,92,10,1.1
358,Fort Nelson,CA,2021-10-23 01:00:13,58.8053,-122.7002,279.34,76,100,1.97
359,Margate,GB,2021-10-23 01:01:09,51.3813,1.3862,283.88,82,11,0.45
360,Clarence Town,AU,2021-10-23 01:01:09,-32.5833,151.7833,305.01,38,0,1.55
361,Lethem,GY,2021-10-23 01:01:10,3.3803,-59.7968,298.94,77,98,2.69
362,Prata,BR,2021-10-23 01:01:10,-19.3072,-48.9242,295.3,46,0,1.99
363,Puerto Escondido,MX,2021-10-23 01:01:11,15.85,-97.0667,297.87,89,100,1.99
364,Sitka,US,2021-10-23 01:01:11,57.0531,-135.33,281.15,77,100,4.55
365,Henties Bay,NA,2021-10-23 01:01:11,-22.116,14.2845,286.55,87,0,1.59
366,Faya,SA,2021-10-23 01:01:12,18.3851,42.4509,287.26,35,98,2.71
367,Yarim,YE,2021-10-23 01:01:12,14.298,44.3779,283.93,41,18,5.18
368,Broken Hill,AU,2021-10-23 01:01:13,-31.95,141.4333,292.56,44,100,8.29
369,Khandagayty,RU,2021-10-23 01:01:13,50.7333,92.05,274.85,55,100,2.63
370,Punta Alta,AR,2021-10-23 01:00:15,-38.8759,-62.0736,285.19,81,100,4.01
371,Bafq,IR,2021-10-23 01:01:14,31.6128,55.4107,285.26,33,0,1.41
372,Harrisburg,US,2021-10-23 00:57:53,40.2737,-76.8844,287.95,85,100,0.89
373,Dingle,PH,2021-10-23 01:01:14,10.9995,122.6711,301.1,80,52,5.16
374,Qaqortoq,GL,2021-10-23 00:58:50,60.7167,-46.0333,276.15,98,100,0.93
375,Labe,GN,2021-10-23 01:01:15,11.3182,-12.2833,292.53,94,100,0.59
376,Manta,EC,2021-10-23 01:01:15,-0.95,-80.7333,295.97,84,48,5.18
377,San Lawrenz,MT,2021-10-23 01:01:15,36.0553,14.204,295.29,89,6,0.45
378,Najran,SA,2021-10-23 01:01:16,17.4924,44.1277,290.39,36,93,0.66
379,Riyadh,SA,2021-10-23 00:59:41,24.6877,46.7219,296.23,33,2,1.91
380,Dunedin,NZ,2021-10-23 01:00:46,-45.8742,170.5036,286.93,67,81,7.6
381,Chapais,CA,2021-10-23 01:01:16,49.7834,-74.8492,272.03,80,100,1.51
382,Alugan,PH,2021-10-23 01:01:17,12.2188,125.4808,299.24,82,100,3.34
383,Miguel Hidalgo,MX,2021-10-23 01:01:17,19.4225,-99.2028,291.81,66,100,3.58
384,Morehead,US,2021-10-23 01:01:17,37.2711,-87.1764,286.56,84,1,0.0
385,Shingu,JP,2021-10-23 01:01:18,33.7333,135.9833,290.46,43,0,1.85
386,Nemuro,JP,2021-10-23 01:01:18,43.3236,145.575,282.03,76,97,2.78
387,Eidsvag,NO,2021-10-23 01:01:19,62.7767,8.0668,279.51,94,100,2.83
388,Ankang,CN,2021-10-23 00:56:30,32.68,109.0172,286.35,69,100,1.49
389,Corinto,GR,2021-10-23 01:01:19,37.9407,22.9573,292.29,78,8,2.27
390,Axim,GH,2021-10-23 01:01:20,4.8699,-2.2405,298.26,87,100,2.94
391,San Andres,CO,2021-10-23 01:01:20,12.5847,-81.7006,301.91,75,32,5.64
392,Tuatapere,NZ,2021-10-23 01:01:20,-46.1333,167.6833,291.81,53,95,1.9
393,Carnarvon,AU,2021-10-23 01:01:21,-24.8667,113.6333,297.66,40,0,7.97
394,Camara De Lobos,PT,2021-10-23 01:01:21,32.6333,-16.9667,293.55,83,40,2.24
395,Batagay,RU,2021-10-23 01:01:21,67.6333,134.6333,261.08,92,93,0.21
396,Esso,RU,2021-10-23 01:01:22,55.9333,158.7,270.6,87,55,1.22
397,Havoysund,NO,2021-10-23 01:01:22,70.9963,24.6622,272.64,62,100,5.54
398,Comodoro Rivadavia,AR,2021-10-23 01:01:22,-45.8667,-67.5,286.69,37,100,13.77
399,Rimbey,CA,2021-10-23 01:01:23,52.6334,-114.2353,284.05,43,100,7.34
400,Vapi,IN,2021-10-23 01:01:23,20.3718,72.9049,295.71,76,33,0.82
401,Pecos,US,2021-10-23 01:00:12,31.4229,-103.4932,300.85,27,1,3.09
402,Diglur,IN,2021-10-23 01:01:24,18.55,77.6,292.86,73,7,0.71
403,Enshi,CN,2021-10-23 01:01:24,30.3,109.4833,286.58,81,71,0.18
404,Deputatskiy,RU,2021-10-23 01:01:24,69.3,139.9,253.99,97,94,0.14
405,Baijiantan,CN,2021-10-23 01:01:25,45.6333,85.1833,280.2,32,100,10.75
406,Port-Gentil,GA,2021-10-23 01:01:25,-0.7193,8.7815,298.87,84,100,5.5
407,Kondinskoye,RU,2021-10-23 01:01:26,59.6481,67.41,279.18,96,100,6.33
408,Norrtalje,SE,2021-10-23 01:01:26,59.758,18.705,276.64,89,100,4.97
409,Mineiros,BR,2021-10-23 01:01:26,-17.5694,-52.5511,296.34,52,3,1.74
410,Petropavlovsk-Kamchatskiy,RU,2021-10-23 01:01:27,53.0452,158.6483,275.48,70,75,1.0
411,Salalah,OM,2021-10-23 00:56:40,17.0151,54.0924,296.74,75,56,1.34
412,Payakumbuh,ID,2021-10-23 01:01:27,-0.2202,100.6308,297.24,88,96,0.2
413,Grenada,ES,2021-10-23 00:59:24,37.1882,-3.6067,288.35,72,75,0.45
414,Lakselv,NO,2021-10-23 01:01:28,70.0513,24.9718,272.05,69,90,6.17
415,Zhangjiakou,CN,2021-10-23 01:01:28,40.81,114.8794,279.55,36,0,0.65
416,Nishihara,JP,2021-10-23 01:01:28,26.1842,127.7558,296.75,57,75,5.66
417,Bilma,NE,2021-10-23 01:01:29,18.6853,12.9164,299.83,18,0,3.48
418,Aklavik,CA,2021-10-23 01:01:29,68.2191,-135.0107,270.44,93,100,6.68
419,Pangnirtung,CA,2021-10-23 01:01:29,66.1451,-65.7125,270.15,74,75,2.57
420,Necochea,AR,2021-10-23 01:00:06,-38.5473,-58.7368,284.84,91,100,2.91
421,Juneau,US,2021-10-23 01:00:20,58.3019,-134.4197,282.16,96,100,3.13
422,Stromness,GB,2021-10-23 01:01:30,58.965,-3.296,279.75,83,100,5.36
423,San Quintin,MX,2021-10-23 01:01:31,30.4833,-115.95,291.28,81,5,8.49
424,Olivehurst,US,2021-10-23 01:01:31,39.0955,-121.5522,292.39,67,100,2.94
425,Kissidougou,GN,2021-10-23 01:01:32,9.1848,-10.0999,294.27,98,89,1.59
426,Rioja,AR,2021-10-23 01:01:32,-29.4111,-66.8507,296.97,34,0,5.84
427,Bolu,TR,2021-10-23 01:01:32,40.6667,31.5833,282.61,51,0,1.51
428,Kenai,US,2021-10-23 01:01:33,60.5544,-151.2583,278.76,80,99,5.38
429,Lesnoy,RU,2021-10-23 01:01:33,57.6198,63.0784,281.87,84,100,6.16
430,Praxedis Guerrero,MX,2021-10-23 01:01:33,31.3667,-106.0167,301.24,27,91,2.71
431,Mana,GF,2021-10-23 01:01:34,5.6592,-53.7767,298.61,89,93,4.83
432,Praia,CV,2021-10-23 00:57:13,14.9215,-23.5087,299.45,65,20,5.66
433,Shimoda,JP,2021-10-23 01:01:35,34.6667,138.95,290.43,71,89,2.56
434,Chumphon,TH,2021-10-23 01:01:35,10.3333,98.8333,296.58,88,97,0.54
435,Shizuishan,CN,2021-10-23 01:01:35,39.2333,106.7694,280.84,58,75,2.82
436,Ligatne,LV,2021-10-23 01:01:36,57.2343,25.0406,276.07,94,58,2.24
437,Ormara,PK,2021-10-23 01:01:36,25.2088,64.6357,298.59,26,0,5.87
438,Bagan,RU,2021-10-23 01:01:36,54.1001,77.6646,276.59,91,100,9.05
439,Kidal,ML,2021-10-23 01:01:37,18.4411,1.4078,302.76,23,22,3.35
440,Sola,VU,2021-10-23 01:01:37,-13.8833,167.55,300.51,76,82,5.15
441,Grindavik,IS,2021-10-23 01:01:37,63.8424,-22.4338,281.98,100,90,6.69
442,Sao Joao Da Barra,BR,2021-10-23 01:01:38,-21.6403,-41.0511,294.01,79,35,3.11
443,Hailar,CN,2021-10-23 01:01:38,49.2,119.7,276.45,52,0,4.28
444,Meulaboh,ID,2021-10-23 01:01:38,4.1363,96.1285,298.33,86,97,0.95
445,Danshui,CN,2021-10-23 01:01:39,22.7984,114.4672,293.67,69,88,3.71
446,Tubuala,PA,2021-10-23 01:01:39,9.5167,-79.0333,299.21,85,24,2.32
447,Mitsamiouli,KM,2021-10-23 01:01:39,-11.3847,43.2844,297.86,77,85,3.6
448,Racine,US,2021-10-23 01:01:40,42.7495,-88.0751,282.36,72,89,1.54
449,Walvis Bay,NA,2021-10-23 01:01:40,-22.9575,14.5053,286.68,86,0,2.34
450,Ugoofaaru,MV,2021-10-23 01:01:41,5.6667,73.0,300.53,77,100,5.12
451,Sarangani,PH,2021-10-23 01:01:41,5.4033,125.4636,300.55,79,100,5.61
452,Port Lincoln,AU,2021-10-23 01:01:41,-34.7333,135.8667,288.55,53,6,7.34
453,Biak,ID,2021-10-23 01:01:42,-0.9131,122.8766,301.58,65,98,1.91
454,Champerico,GT,2021-10-23 01:01:42,14.3,-91.9167,301.68,80,44,2.84
455,Cayenne,GF,2021-10-23 01:01:42,4.9333,-52.3333,298.76,88,75,1.03
456,La Ronge,CA,2021-10-23 01:01:43,55.1001,-105.2842,275.48,78,7,6.04
457,Morros,BR,2021-10-23 01:01:43,-9.4467,-46.3003,295.71,92,100,1.32
458,Bastia,FR,2021-10-23 01:01:43,42.6667,9.3333,290.54,87,90,2.06
459,Bela,IN,2021-10-23 01:01:44,25.9333,81.9833,293.99,62,0,0.53
460,Ciudad Bolivar,VE,2021-10-23 01:01:44,8.1222,-63.5497,297.44,91,100,5.14
461,Beringovskiy,RU,2021-10-23 01:01:44,63.05,179.3167,265.16,80,100,6.38
462,Gerash,IR,2021-10-23 01:01:45,27.6652,54.1371,293.25,53,0,0.78
463,Port Blair,IN,2021-10-23 01:00:23,11.6667,92.75,299.17,89,75,1.03
464,Saravan,AM,2021-10-23 01:01:45,39.7196,45.6483,269.51,32,0,2.13
465,Coos Bay,US,2021-10-23 01:01:46,43.3665,-124.2179,287.6,100,100,5.66
466,Ahipara,NZ,2021-10-23 01:01:46,-35.1667,173.1667,288.94,94,100,9.06
467,Aneho,TG,2021-10-23 01:01:46,6.2333,1.6,299.05,85,99,4.29
468,Hami,CN,2021-10-23 01:01:47,42.8,93.45,284.06,28,6,4.94
469,Pilot Butte,CA,2021-10-23 01:01:47,50.4668,-104.4178,277.94,51,4,5.52
470,Bauchi,NG,2021-10-23 01:01:48,10.5,10.0,295.7,78,79,1.1
471,Vallenar,CL,2021-10-23 01:01:48,-28.5708,-70.7581,288.57,57,4,1.79
472,Coihaique,CL,2021-10-23 01:01:48,-45.5752,-72.0662,277.18,94,96,5.44
473,Altay,CN,2021-10-23 01:01:49,47.8667,88.1167,274.96,82,100,0.82
474,Conway,US,2021-10-23 00:58:25,35.0887,-92.4421,291.92,75,0,0.0
475,Kangaatsiaq,GL,2021-10-23 01:01:49,68.3065,-53.4641,269.87,86,98,5.26
476,Matara,LK,2021-10-23 01:01:49,5.9485,80.5353,298.58,81,100,2.41
477,Torma,EE,2021-10-23 01:01:50,58.8128,26.7383,277.01,83,100,5.2
478,Sal Rei,CV,2021-10-23 01:01:50,16.1833,-22.9167,298.46,78,0,5.64
479,Svetlogorsk,BY,2021-10-23 01:01:50,52.6333,29.7333,279.31,61,10,6.76
480,Misratah,LY,2021-10-23 01:01:51,32.3754,15.0925,297.08,59,20,6.56
481,Buluang,PH,2021-10-23 01:01:51,13.3068,123.3425,299.6,84,100,2.21
482,Iquique,CL,2021-10-23 00:59:15,-20.2208,-70.1431,289.17,75,53,1.06
483,Paray-Le-Monial,FR,2021-10-23 01:01:52,46.4546,4.1158,277.86,96,90,0.0
484,Vaasa,FI,2021-10-23 01:01:52,63.096,21.6158,275.34,93,75,5.14
485,Waitati,NZ,2021-10-23 01:01:52,-45.75,170.5667,286.93,67,56,4.21
486,Pedernales,DO,2021-10-23 01:01:53,18.0384,-71.744,300.32,73,98,3.21
487,Bilibino,RU,2021-10-23 01:01:53,68.0546,166.4372,254.87,97,98,0.93
488,Bolivar,US,2021-10-23 00:58:56,37.6145,-93.4105,290.43,74,0,2.17
489,Yerofey Pavlovich,RU,2021-10-23 01:01:54,53.9667,121.9667,276.44,63,8,0.99
490,Merauke,ID,2021-10-23 01:01:54,-8.4667,140.3333,303.59,58,73,3.23
491,Likhoslavl,RU,2021-10-23 01:01:54,57.1275,35.464,277.37,76,48,6.24
492,Alofi,NU,2021-10-23 01:01:55,-19.0595,-169.9187,296.48,64,100,7.59
493,Lexington,US,2021-10-23 00:57:54,37.9887,-84.4777,285.44,80,90,3.09
494,Kurilsk,RU,2021-10-23 01:01:55,45.2333,147.8833,280.69,63,97,2.04
495,Shenjiamen,CN,2021-10-23 01:01:56,29.9576,122.298,292.03,57,100,6.02
496,La Brea,HN,2021-10-23 01:01:56,15.8,-85.9667,298.35,94,100,1.27
497,Banyo,CM,2021-10-23 01:01:57,6.75,11.8167,291.25,94,100,0.61
498,Druzhba,UA,2021-10-23 01:01:57,52.0428,33.9453,278.75,62,1,4.69
499,Denizli,TR,2021-10-23 01:01:57,37.8402,29.0698,286.7,59,2,0.38
500,Inirida,CO,2021-10-23 01:01:58,3.8653,-67.9239,296.94,95,23,1.32
501,Vestmannaeyjar,IS,2021-10-23 01:01:58,63.4427,-20.2734,282.5,97,100,4.63
502,Marsh Harbour,BS,2021-10-23 01:01:58,26.5412,-77.0636,300.11,69,100,6.2
503,Wajir,KE,2021-10-23 01:01:59,1.7471,40.0573,298.15,61,75,5.99
504,Piotrkow Trybunalski,PL,2021-10-23 00:59:16,51.4055,19.7032,279.32,79,61,8.01
505,La Gomera,GT,2021-10-23 01:01:59,14.0833,-91.05,297.86,90,41,2.5
506,Amahai,ID,2021-10-23 01:01:59,-3.3333,128.9167,301.92,70,64,0.78
507,Bluffton,US,2021-10-23 01:01:02,32.2371,-80.8604,298.12,87,1,3.09
508,Ouesso,CG,2021-10-23 01:02:00,1.6136,16.0517,294.02,99,78,0.21
509,Dayong,CN,2021-10-23 01:02:00,25.0209,118.2898,290.34,81,100,1.76
510,Beinamar,TD,2021-10-23 01:02:01,8.6698,15.3813,295.17,91,25,0.74
511,Bandarbeyla,SO,2021-10-23 01:02:01,9.4942,50.8122,297.76,82,21,1.54
512,Ust-Maya,RU,2021-10-23 01:02:02,60.4167,134.5333,271.51,81,100,2.46
513,Choya,RU,2021-10-23 01:02:02,52.0108,86.5467,272.52,91,13,1.61
514,La Paz,BO,2021-10-23 01:02:03,-16.5,-68.15,283.29,69,15,3.37
515,Miles City,US,2021-10-23 01:02:03,46.4083,-105.8406,286.77,43,14,4.74
516,Torit,SS,2021-10-23 01:02:03,4.4133,32.5678,294.19,89,51,1.41
517,Draguignan,FR,2021-10-23 01:02:04,43.5333,6.4667,288.04,75,0,1.65
518,Tres Picos,MX,2021-10-23 01:02:04,15.8667,-93.5333,298.89,87,68,0.62
519,Tarko-Sale,RU,2021-10-23 01:02:04,64.9225,77.785,270.01,93,96,5.68
520,Tarancon,ES,2021-10-23 01:02:05,40.0085,-3.0073,282.87,69,0,2.24
521,Kommunar,RU,2021-10-23 01:02:05,59.6206,30.39,280.1,76,100,6.45
522,Abha,SA,2021-10-23 01:00:25,18.2164,42.5053,287.53,34,100,3.47
523,Mutare,ZW,2021-10-23 01:01:37,-18.9707,32.6709,291.32,64,96,1.03
524,Palekh,RU,2021-10-23 01:02:06,56.8028,41.8572,278.12,75,85,5.2
525,Mandan,US,2021-10-23 01:00:27,46.8267,-100.8896,279.71,70,75,4.63
526,Mildura,AU,2021-10-23 01:02:06,-34.2,142.15,292.63,47,4,7.9
527,Rio Grande,BR,2021-10-23 01:02:07,-32.035,-52.0986,289.23,83,7,3.92
528,Mao,ES,2021-10-23 01:02:07,39.8885,4.2658,291.46,63,75,9.26
529,Goderich,CA,2021-10-23 01:02:07,43.7501,-81.7165,279.21,65,100,2.19
530,Diffa,NE,2021-10-23 01:02:08,13.3154,12.6113,301.98,47,84,0.57
531,Menongue,AO,2021-10-23 01:02:08,-14.6585,17.691,291.91,73,12,2.03
532,Sechura,PE,2021-10-23 01:02:08,-5.5569,-80.8222,292.83,79,100,6.91
533,Hermiston,US,2021-10-23 01:00:56,45.8404,-119.2895,288.68,78,100,5.94
534,Palmer,US,2021-10-23 01:02:02,42.1584,-72.3287,288.46,68,99,2.64
535,Valle De Allende,MX,2021-10-23 01:02:09,26.9333,-105.4,295.5,42,88,3.97
536,Paita,PE,2021-10-23 01:02:09,-5.0892,-81.1144,292.33,85,100,6.07
537,Kourou,GF,2021-10-23 01:00:04,5.1552,-52.6478,298.77,92,86,3.44
538,Aripuana,BR,2021-10-23 01:00:28,-9.1667,-60.6333,298.6,76,8,0.81
539,Ulladulla,AU,2021-10-23 01:02:10,-35.35,150.4667,301.35,46,56,3.3
540,Buchanan,LR,2021-10-23 01:02:10,5.8808,-10.0467,298.04,89,100,0.52
541,Pervomayskiy,RU,2021-10-23 01:02:11,53.2485,40.2871,276.55,74,6,5.03
542,Heihe,CN,2021-10-23 01:02:11,50.2441,127.4902,280.47,56,16,3.2
543,Irbeyskoye,RU,2021-10-23 01:02:11,55.6428,95.4522,276.58,83,100,4.5
544,Ternate,ID,2021-10-23 00:57:44,0.8,127.4,301.97,69,91,0.66
545,Teguldet,RU,2021-10-23 01:02:12,57.3064,88.1667,275.28,65,97,5.97
546,Dumalaguing,PH,2021-10-23 01:02:12,8.3469,125.055,295.97,77,100,1.48
547,Bandundu,CD,2021-10-23 01:02:13,-3.3167,17.3667,295.62,95,95,1.0
548,Maceio,BR,2021-10-23 01:02:13,-9.6658,-35.7353,299.84,89,20,2.57
549,Lasa,IT,2021-10-23 01:02:13,46.6166,10.7002,278.91,83,18,1.82
550,Romny,UA,2021-10-23 01:02:14,50.751,33.4747,280.58,69,5,3.53
551,Santarem,BR,2021-10-23 01:02:14,-2.4431,-54.7083,298.22,94,75,2.06
552,Qiryat Shemona,IL,2021-10-23 01:02:14,33.2073,35.5721,294.6,81,0,2.4
553,Oussouye,SN,2021-10-23 01:02:15,12.485,-16.5469,300.11,82,11,2.57
554,Buraydah,SA,2021-10-23 01:01:09,26.326,43.975,293.66,37,0,2.87
555,Yalutorovsk,RU,2021-10-23 01:02:15,56.6536,66.3006,280.44,88,100,7.96
556,Shiraz,IR,2021-10-23 00:58:36,29.6036,52.5388,283.84,43,0,0.0
557,Mitrofanovka,RU,2021-10-23 01:02:16,49.9708,39.6939,283.38,72,98,2.67
558,Bacolod,PH,2021-10-23 01:02:16,10.6667,122.95,302.08,72,64,4.3
559,Cap Malheureux,MU,2021-10-23 01:01:22,-19.9842,57.6142,295.63,85,87,1.34
560,Beidao,CN,2021-10-23 01:02:17,34.5686,105.8933,283.7,81,100,2.0
561,Panzhihua,CN,2021-10-23 01:02:17,26.5851,101.7128,287.81,82,98,0.2
562,Dioknisi,GE,2021-10-23 01:02:17,41.6293,42.3917,277.98,60,0,0.78
563,Olafsvik,IS,2021-10-23 01:02:18,64.8945,-23.7142,280.28,95,100,3.87
564,Kibakwe,TZ,2021-10-23 01:02:18,-6.7167,36.3667,290.34,83,98,1.57
565,Dolores,AR,2021-10-23 01:02:19,-36.3132,-57.6792,286.43,98,100,2.37
566,Hanmer Springs,NZ,2021-10-23 01:02:19,-42.5167,172.8167,292.52,38,97,2.1
567,Nuuk,GL,2021-10-23 01:00:33,64.1835,-51.7216,271.49,54,0,14.92
568,Tommot,RU,2021-10-23 01:02:19,58.9564,126.2925,276.42,81,100,4.57
569,Balkanabat,TM,2021-10-23 01:02:20,39.5108,54.3671,286.08,30,0,2.42
570,Vasiliki,GR,2021-10-23 01:02:20,39.6389,21.7047,287.95,78,13,1.68
571,Nara,JP,2021-10-23 01:02:21,34.6851,135.8049,290.65,39,9,6.37
572,Dunmore Town,BS,2021-10-23 01:02:21,25.5,-76.65,300.48,78,100,9.17
573,Quelimane,MZ,2021-10-23 01:02:21,-17.8786,36.8883,293.46,81,7,2.15
574,Baoqing,CN,2021-10-23 01:02:22,46.3317,132.2111,283.21,40,3,5.06
575,Brodokalmak,RU,2021-10-23 01:02:22,55.5748,62.082,283.65,82,100,6.84
